中文名称,备用中文名,英文名称,药物作用信息,分子量（g/mol）,母液浓度，mg/ml,母液浓度，Mm,母液溶剂,常用终浓度gram,质量单位,常用终浓度mol,摩尔单位,IC50浓度范围Um,购入渠道/货号,备注（特殊药品如需现用现配、超声溶解、或者放于4℃等请在备注写明）,单抗类药物储存看药物说明书，如购买的是化合物参照其随货说明书或问询厂家,备注：粉末,,每支剂量（ul，浓度）,数量（支）,入库日期,有效期,失效日期
铂玛西林,阿贝西利,Abemaciclib,CDK4 和 6抑制剂,506.59,5.00,9.87,DMSO,298,ng/ml,588.24,nmol,"Cdk4/cyclin D1--2 nM
CDK6/cyclinD1--10 nM 
CDK9/cyclinT1--57 nM 
CDK5/p35--287 nM 
Cdk5/p25--355 nM 
CDK2/cyclinE--504 nM 
CDK7/Mat1/cyclinH1--3910 nM 
CDK1/cyclinB1--1627 nM 
PIM1--50 nM 
PIM2--3400 nM 
HIPK2--31 nM 
DYRK2--61 nM 
CK2--117 nM 
GSK3b--192 nM 
JNK3--389 nM 
FLT3 (D835Y)--403 nM 
FLT3--3960 nM 
DRAK1--659 nM",MCE,"避光
粉末：-20℃--3年
溶剂中：-80℃--6个月，-20℃--1个月",,粉末,,800ul,1,2020,6个月,"已过期
2021"
铂玛西林-联用,阿贝西利-联用,Abemaciclib,CDK4 和 6抑制剂,506.59,5.00,9.87,DMSO,249,ng/ml,491.52,nmol,"Cdk4/cyclin D1--2 nM
CDK6/cyclinD1--10 nM 
CDK9/cyclinT1--57 nM 
CDK5/p35--287 nM 
Cdk5/p25--355 nM 
CDK2/cyclinE--504 nM 
CDK7/Mat1/cyclinH1--3910 nM 
CDK1/cyclinB1--1627 nM 
PIM1--50 nM 
PIM2--3400 nM 
HIPK2--31 nM 
DYRK2--61 nM 
CK2--117 nM 
GSK3b--192 nM 
JNK3--389 nM 
FLT3 (D835Y)--403 nM 
FLT3--3960 nM 
DRAK1--659 nM",MCE,"避光
粉末：-20℃--3年
溶剂中：-80℃--6个月，-20℃--1个月",,粉末,,800ul,1,2020,6个月,"已过期
2021"
阿法替尼,,Afatinib,EGFR和HER2酪氨酸激酶抑制剂,485.94,2.00,4.12,DMSO,48.594,ng/ml,100,nmol,"EGFR--0.5 nM 
HER2--14 nM 
EGFRL858R--0.4 nM 
EGFRL858R/T790M--10 nM",MCE,"粉末：-20℃--3年
溶剂中：-80℃--6个月，-20℃--1个月",,,,1ml,1,2020,6个月,"已过期
2021"
阿帕替尼,,Apatinib,靶点：VEGFR2、Ret、c-Kit、c-Src等,441.98,2.00,4.53,DMSO,450,ng/ml,1,umol,,MCE,"粉末：-20℃--3年
溶剂中：-80℃--6个月，-20℃--1个月",,,,1ml,1,2020,6个月,"已过期
2021"
卡博替尼,,Cabozantinib,靶点：MET、VEGFR1/2/3、ROS1、RET、AXL、NTRK、KIT,501.5,2.50,4.99,DMSO,2,ug/ml,4,umol,,MCE;,"避光
粉末：-20℃--3年
溶剂中：-80℃--6个月，-20℃--1个月",,,,1ml,3,2020,6个月,"已过期
2021"
顺铂,,Cisplatin,DDP；抑制DNA的复制、RNA及蛋白质合成,300.05,10.00,33.33,DMF,4,ug/ml,13.3,umol,100uM,MCE:HY-17394,"粉末：-20℃--3年
溶剂中：-80℃--6个月，-20℃--1个月",,,,1ml,1,2020,6个月,"已过期
2021.01"
多西他赛,,Docetaxel,"TXT,微管抑制剂",807.89,10.00,12.38,DMSO,2.5,ug/ml,3.1,umol,10,MCE,"粉末：-20℃--3年
溶剂中：-80℃--6个月，-20℃--1个月",,粉末,,1ml,1,2020,6个月,"已过期
2021"
奈康非尼,,Encorafenib,靶点BRAF V600E、BRAF和CRAF,540.01,2.50,4.63,DMSO,1.5,ug/ml,2.8,umol,,MCE,"粉末：-20℃--3年
溶剂中：-80℃--6个月，-20℃--1个月",,,,1ml,1,2020,6个月,"已过期
2021"
恩替诺特,,Entinostat,HDAC组蛋白去乙酰化酶抑制剂,376.41,10.00,26.57,DMSO,100,ng/ml,265.66,nmol,"HDAC1--243 nM (IC50)
HDAC3--248 nM (IC50)
HDAC2--453 nM (IC50)",TargetMOL:209783-80-2,"粉末：-20℃--3年
溶剂中：-80℃--6个月，-20℃--1个月",,,,1ml,1,2021,6个月,"已过期
2022.01"
依维莫司,,Everolimus,mTOR抑制剂,958.22,5.00,5.22,DMSO,15,ng/ml,16,nmol,mTOR--5-6 nM (IC50),MCE,"粉末：-20℃--3年
溶剂中：-80℃--6个月，-20℃--1个月",,,,1ml,1,2020,6个月,"已过期
2021"
呋喹替尼,,Fruquintinib,靶点：VEGFR1/2/3,393.39,5.00,12.71,DMSO,300,ng/ml,763,nmol,,MCE,"粉末：-20℃--3年
溶剂中：-80℃--6个月，-20℃--1个月",,,,1ml,1,2020,6个月,"已过期
2021"
氟维司群,,Fulvestrant,ER雌激素受体抑制剂,606.77,6.07,10.00,DMSO,25,ng/ml,41.2,nmol,9.4 nM (Estrogen Receptor),MCE,"粉末：-20℃--3年
溶剂中：-80℃--6个月，-20℃--1个月",,,,500ul,1,2020,6个月,"已过期
2021"
吉西他滨,,Gemcitabine,拓扑酶2抑制剂,263.2,50.00,189.97,DMSO,20,ug/ml,76,umol,100,MCE,"避光
粉末：-20℃--3年
溶剂中：-80℃--6个月，-20℃--1个月",,,,1ml,1,2021,6个月,"已过期
2022.01"
伊立替康,,Irinotecan,拓扑酶1抑制剂,586.68,50.00,85.23,DMSO,2,ug/ml,3.4,umol,100,MCE,"避光
粉末：-20℃--3年
溶剂中：-80℃--6个月，-20℃--1个月",,,,1ml,1,2020,6个月,"已过期
2021"
仑伐替尼,乐伐替尼,Lenvatinib,靶点：VEGFR1/2/3、FGFR1、PDGFR、cKit、Ret等,426.85,5.00,11.71,DMSO,50,ng/ml,0.12,umol,"VEGFR2--4 nM (IC50)
VEGFR3--5.2 nM (IC50)
VEGFR1--22 nM (IC50)
FGFR1--46 nM (IC50) 
PDGFRα--51 nM (IC50)
PDGFRβ--39 nM (IC50)
c-Kit--100 nM (IC50)",MCE,"粉末：-20℃--3年
溶剂中：-80℃--6个月，-20℃--1个月",,,,1ml,1,2020,6个月,"已过期
2021"
奥西替尼,,Osimertinib,EGFR酪氨酸激酶抑制剂,499.61,5.00,10.01,DMSO,370,ng/ml,714,nmol,"EGFRL858R
12 nM (IC50, Enzyme assays)
EGFRL858R/T790M
1 nM (IC50, Enzyme assays)",MCE,"粉末：-20℃--3年
溶剂中：-80℃--6个月，-20℃--1个月",,,,1ml,1,2020,6个月,"已过期
2021"
紫杉醇,,Paclitaxel,PTX；微管抑制类,853.92,10.00,11.71,DMSO,3,ug/ml,3.5,umol,10,MCE,"粉末：-20℃--3年
溶剂中：-80℃--6个月，-20℃--1个月",,,,1ml,1,2022.07,6个月,2023.2.22
帕博西尼,,Palbociclib,CDK4 和 6抑制剂,447.53,2.50,5.59,DMSO,100,ng/ml,223.44,nmol,,MCE,"粉末：-20℃--3年
溶剂中：-80℃--6个月，-20℃--1个月",,,,1ml,1,2020,6个月,"已过期
2021"
瑞戈非尼,,Regorafenib,靶点：RET、VEGFR1/2/3、KIT、PDGFR-αβ、FGFR12、TIE2、DDR2、TrkA、Eph2A、RAF-1、BRAF、PTK5、Ab1、CSF1R等,482.82,5.00,10.36,DMSO,4,ug/ml,8.3,umol,,,"粉末：-20℃--3年
溶剂中：-80℃--6个月，-20℃--1个月",,,,"1ml
5mg/ml",1,2020,6个月,"已过期
2021"
曲美替尼,,Trametinib,MEK抑制剂,615.39,10.00,16.25,DMSO,280,ng/ml,635,nmol,MEK--12 nM (IC50),,"粉末：-20℃--3年
溶剂中：-80℃--6个月，-20℃--1个月",,粉末,,1ml,1,2020,6个月,"已过期
2021"
维罗非尼,,Vemurafenib,Braf V600E激酶抑制剂,489.92,10.00,20.41,DMSO,52.8,ug/ml,108,umol,,,"粉末：-20℃--3年
溶剂中：-80℃--6个月，-20℃--1个月",,,,1ml,1,2020,6个月,"注射液
已过期
2021"
比美替尼,,Binimetinib,MEK抑制剂,441.23,2.50,5.67,DMSO,280,ng/ml,635,nmol,MEK--12 nM (IC50),TargetMOL:606143-89-9,"粉末：-20℃--3年
溶剂中：-80℃--6个月，-20℃--1个月",,粉末,,1ml,1,2020,6个月,"已过期
2021"
索拉非尼,,Sorafenib,靶点：VEGFR-2、VEGF-3、PDGF-β、KIT、FLT-3等,464.83,10.00,21.51,DMSO,10,ug/ml,21.51,umol,"VEGFR3--20 nM (IC50)
Braf--22 nM (IC50)
Raf-1--6 nM (IC50)
VEGFR2--90 nM (IC50)
PDGFRβ--57 nM (IC50)
BrafV599E--38 nM (IC50)
c-Kit--68 nM (IC50)
Flt3--58 nM (IC50)",,"粉末：-20℃--3年
溶剂中：-80℃--6个月，-20℃--1个月",,,,1ml,1,2020,6个月,"已过期
2021"
雷替曲塞,,Raltitrexed,胸腺合成酶抑制剂,458.49,5.00,10.91,DMSO,656,ng/ml,1.43,umol,,,"粉末：-20℃--3年
溶剂中：-80℃--6个月，-20℃--1个月",,,,1ml,1,2020,6个月,"已过期
2021"
卡瑞利珠单抗,艾瑞卡,Camrelizumab,PD1单抗,,1.60,,PBS,1.35,ug/ml,,umol,0.70 nM ( PD-1/PD-L1 interaction),"MCE
HY-P9971",,,粉末,,"130mg
200mg","1
2",2017.10.20,24个月,"2019.10.19
粉末
已过期"
奥沙利铂,,Oxaliplatin,L-OHP,397.3,5.00,12.58,注射液,1.98,ug/ml,5,umol,,MCE,"避光
粉末：-20℃--3年
溶剂中：-80℃--6个月，-20℃--1个月",,,,,1,2019.10 ,24个月,"注射液
已过期
2021.10"
利妥昔单抗,美罗华,Rituximab,CD20单抗药,,10.00,,注射液,486,ug/ml,,umol,,,,,,,3ml,1,2019.9.12,36个月,2022.3.11
曲妥珠单抗,,Trastuzumab,HER2单抗药,145531.5,21,,注射液,145.53,ug/ml,1,umol,,,,,粉末,,,1,2018.9.21,,2021.9.20
西妥昔单抗,,ERBITUX,EGFR单抗药,,5,,注射液,160,ug/ml,,umol,,,,,,,,"1
2","263289
GOORFQ",,"2022.07
2014.06"
阿替利珠单抗,泰圣奇,Atezolizumab,PD-L1单抗,144590.5,60.00,,注射液,610,ug/ml,,umol,,"MCE
HY-P9904",,,,,200ul,2,"2019.09
2019.10",,"2022.08
2022.09"
特瑞普利单抗,拓益,Toripalimab,PD-1单抗,188.135,40.00,,注射液,20,ug/ml,,umol,,MCE官网中没有找到,,,,,1ml,1,2019.12.2,36个月,2022.12.1
替雷利珠单抗,,Tislelizumab,PD-1单抗,,10.00 ,,注射液,200,ng/ml,,umol,,,,,,,,1,2021.4.27,,2023.4.26
尼妥珠单抗,,Nimotuzumab,EGFR单抗,,5,,注射液,,ng/ml,,umol,,,,,,,,1,2021.07,,2023.7.15
维迪西妥单抗,,DisitamabVedotin,HER2单抗,,10,,注射液,4.1,ug/ml,,umol,,,,,,,,1,2021.8.1,,2023.7.31
贝伐珠单抗,,Bevacizumab,VEGF单抗，抑制血管内皮生长因子,146542.45,25,0.17,,10,ug/ml,,umol,,,,,粉末,,,1,2021.5.28,,2023.5.27
阿比特龙,,Abiraterone,AR雄激素受体抑制剂,349.51,10.00,28.61,"DMF
乙醇
DMSO",226,ng/ml,646.61,nmol,"17α-hydroxylase (2.5 nM), 17,20-lyase (15 nM)",MCE,"粉末：-20℃--3年
溶剂中：-80℃--6个月，-20℃--1个月
配置过程中若不容需超声",,粉末,,"
10mg","1
1",,"6个月
36个月","2022.08
2025.03"
安罗替尼,,Anlotinib,靶点：VEGFR、PDGFR、FGFR、c-Kit、Met、TKI等,476.45,5.00,10.49,DMSO,100,ng/ml,209.88,nmol,,MCE,"粉末：-20℃--3年
溶剂中：-80℃--6个月，-20℃--1个月",,,,"1ml
5mg/ml",1,,6个月,2022.07
塞莱昔布,,Celecoxib,COX-2抑制剂,381.37,100.00,262.21,DMSO,705,ng/ml,1.8486,umol,"COX-2--40 nM (IC50)
COX-1--15 μM (IC50)","MCE
HY-14398","粉末：-20℃--3年
溶剂中：-80℃--6个月，-20℃--1个月",,粉末,,"1ml
500ug","1
1",,"6个月
36个月","2022.09
2025.03"
达拉非尼,,Dabrafenib,靶点;BRAF,519.56,10.00,19.25,DMSO,1.5,ug/ml,2.8871,umol,"BrafV600E(0.6 nM)
CRAF(5 nM)",MCE:HY-14660,"粉末：-20℃--3年
溶剂中：-80℃--6个月，-20℃--1个月",,粉末,,1ml,1,,6个月,2022.09
达卡巴嗪,氮烯咪胺,Dacarbazine,"DTIC；烷化剂,干扰嘌呤的生物合成",182.18,20.00,109.78,DMSO,50,ug/ml,274.45,umol,,MCE,"避光
粉末：-20℃--3年
溶剂中：-80℃--6个月，-20℃--1个月",,,,1ml,1,,6个月,2022.09
恩杂鲁胺,,Enzalutamide,雄激素受体抑制剂,464.44,5.00,10.77,DMSO,16.6,ug/ml,35.742,umol,"36 nM (androgen-receptor, in LNCaP cells)",MCE:HY-70002,"粉末：-20℃--3年
溶剂中：-80℃--6个月，-20℃--1个月",,,,1ml,1,,6个月,2022.08
亚叶酸钙,,Folinic acid calcium,用于甲氨蝶呤的解毒,511.5,5.00,9.78,H2O,28,ng/ml,46.15,nmol,9.4 nM (Estrogen Receptor),"MCE
HY-13636","粉末：-20℃--3年
溶剂中：-80℃--6个月，-20℃--1个月",,,,500ul,1,,6个月,2022.08
甲氨蝶呤,,Methotrexate,MTX,454.44,40,88.02,DMSO,130,ug/ml,76,umol,,MCE,"避光
粉末：-20℃--3年
溶剂中：-80℃--6个月，-20℃--1个月",,粉末,,,1,2022.8,6个月,2023.2.1
大剂量-甲氨蝶呤,,Methotrexate,MTX,454.44,40,88.02,DMSO,454,ug/ml,1000,umol,,MCE,"避光
粉末：-20℃--3年
溶剂中：-80℃--6个月，-20℃--1个月",,粉末,,,1,2022.8,6个月,2023.2.1
奥拉帕利,奥拉帕尼,Olaparib,PARP抑制剂,434.46,10.00,23.02,DMF/DMSO,4,ug/ml,16,umol,,MCE,"粉末：-20℃--3年
溶剂中：-80℃--6个月，-20℃--1个月",,,,1ml,1,,6个月,2022.07
索凡替尼,,Sulfatinib,"VEGFR1
VEGFR2
VEGFR3
FGFR1
CSF1R",480.58,1.00,2.08,DMSO,200,ng/ml,416.16,nmol,IC50 值在1 到 24 nM,"MCE
HY-12297","粉末：-20℃--3年
溶剂中：-80℃--6个月，-20℃--1个月",,,,1ml,1,,6个月,2022.07
舒尼替尼,,Sunitinib,多靶点酪氨酸激酶抑制剂,398.47,10.00,25.10,DMSO,100,ng/ml,250.95,nmol,"VEGFR2--80 nM (IC50)
PDGFRβ--2 nM (IC50)","MCE
HY-10255A","粉末：-20℃--3年
溶剂中：-80℃--6个月，-20℃--1个月",,粉末,,"100ul
500ug（粉末）","1
1",,"6个月
36个月","2022.09
2025.03"
长春瑞滨,,Vinorelbine,"NVB,诺维本；微管抑制类",1079.11,5.00,4.63,DMSO,130,ng/ml,121,umol,,MCE,"避光
粉末：-20℃--3年
溶剂中：-80℃--6个月，-20℃--1个月",培美曲塞二钠 溶剂为H2O,,,1ml,1,,6个月,2022.08
厄达替尼,,Erdafitinib,,446.54,2.00,4.48,DMSO,1.9,ug/ml,4.2549,umol,,,"粉末：-20℃--3年
溶剂中：-80℃--6个月，-20℃--1个月",,粉末,,,1,2022,6个月,2023.4.20
依托泊苷,,Etoposide,DNA拓扑异构酶Ⅱ抑制剂,588.56,6.00,10.19,DMSO,20,ug/ml,33.9812,umol,,MCE:HY-13629,"避光
粉末：-20℃--3年
溶剂中：-80℃--6个月，-20℃--1个月",,,,,1,2022.8,6个月,2023.2.12
5-Fu,5-氟尿嘧啶 卡培他滨 替吉奥,5-Fu,DNA多聚酶抑制剂,130.08,2.00,15.38,DMSO,510,ng/ml,4,umol,100uM,MCE,"避光
粉末：-20℃--3年
溶剂中：-80℃--6个月，-20℃--1个月",,粉末,,1ml,6,,,
卡铂,,Carboplatin,CBP,371.25,10.00,26.94,注射液,20,ug/ml,54,umol,,MCE:HY-17393,避光,,,,1ml,9,,,2022.8.25
多柔比星,阿霉素,,抗生素，可破坏肿瘤细胞的DNA结构,543.52,1,1.84,DMSO,1,ug/ml,1.8399,umol,,,,,粉末,,1ml,7,,,
异环磷酰胺,,,烷化剂，抑制肿瘤细胞DNA的合成,261.09,1.96,7.51,,26.109,ug/ml,100,umol,,,,,,,1.5ml,4,,,
大剂量-异环磷酰胺,,,烷化剂，抑制肿瘤细胞DNA的合成,261.09,1.96,7.51,,52.218,ug/ml,200,umol,,,,,,,1.5ml,1,,,
艾立布林,甲磺酸艾立布林,,微管抑制类,826,0.5,0.61,注射液,520,ng/ml,629.54,nmol,,,,,,,800ul,1,,,
厄洛替尼,,Erlotinib,EGFR酪氨酸激酶抑制剂,393.44,1.00,2.54,DMSO,805,ng/ml,2.0461,umol,"EGFR--10.2 nM (IC50, Cell Free Assay)
ErbB2--9.8 nM (IC50, Cell Free Assay)",MCE,"粉末：-20℃--3年
溶剂中：-80℃--6个月，-20℃--1个月",,粉末,,"粉末
50mg",1,2020,36个月,2023.08
吉非替尼,,Gefitinib,EGFR酪氨酸激酶抑制剂,446.9,10.00,22.38,DMSO,446.9,ng/ml,1,umol,"EGFR--10.2 nM (IC50, Cell Free Assay)
ErbB2--9.8 nM (IC50, Cell Free Assay)",MCE,"粉末：-20℃--3年
溶剂中：-80℃--6个月，-20℃--1个月",,粉末,,"粉末
10mg",1,2020,36个月,2023.08
拉帕替尼,,Lapatinib,EGFR和HER2抑制剂,581.06,,,DMSO,2.34,ug/ml,4.0271,umol,"EGFR--10.2 nM (IC50, Cell Free Assay)
ErbB2--9.8 nM (IC50, Cell Free Assay)",MCE,"粉末：-20℃--3年
溶剂中：-80℃--6个月，-20℃--1个月",,粉末,,"粉末
10mg",1,2020,36个月,2023.08
奥卢他西尼,,Olutasidenib,mIDH1抑制剂,354.79,,,DMSO,40.8,ng/ml,115,nmol,"21.2 nM (IDH1- R132H), 114 nM (IDH1- R132C)",TargetMOL:1887014-12-1,"粉末：-20℃--3年
溶剂中：-80℃--6个月，-20℃--1个月",,粉末,,"粉末
5mg",1,2020,36个月,2023.08
塞拉色替,AZD6738,Ceralasertib,ATR激酶抑制剂,412.51,,,,,ng/ml,,umol,"ATR--1 nM (IC50)
PI3Kδ--6.8 μM (IC50)
DYRK--10.8 μM (IC50)",TargetMOL:1352226-88-0,"粉末：-20℃--3年
溶剂中：-80℃--6个月，-20℃--1个月",,粉末,,"粉末
2mg",1,2020,36个月,2023.08
星形孢菌素,,Staurosporine,STS；ATP竞争性激酶抑制剂,466.53,4.6653,10.00,DMSO,,ng/ml,,umol,,,溶剂中：-80℃--6个月，-20℃--1个月,,,,10mM,1,2022.02,6个月,2022.08
西达本胺,,Tucidinostat,作用靶点：HDAC,390.41,1,2.56 ,DMSO,195.205,ng/ml,500,nmol,,MCE:HY-109015,"
粉末：-20℃--3年
溶剂中：-80℃--6个月，-20℃--1个月",,,,,1,2022.07,6个月,2023.01
比鲁卡胺,,Bicalutamide,  ,430.37,1,2.32 ,DMSO,1.2911,ug/ml,3,umol,,MCE:HY-14249,"粉末：-20℃--3年
溶剂中：-80℃--6个月，-20℃--1个月",,,,,1,2022.07,6个月,2023.01
恩曲替尼,,entrectinib,靶点：NTRK、ROS1、ALK,560.64,1,1.78 ,DMSO,1.0092,ug/ml,1.8,umol,,MCE:HY-12678,"粉末：-20℃--3年
溶剂中：-80℃--6个月，-20℃--1个月",,,,,1,2022.07,6个月,2023.01
依西美坦,,exemestane,"芳香酶抑制剂,有效抑制雌激素生成",296.4,0.1,0.34 ,DMSO,14.8,ng/ml,50,nmol,,MCE：HY-13632,"粉末：-20℃--3年
溶剂中：-80℃--6个月，-20℃--1个月",,,100ug/ml、1mg/ml、10mg/ml,,3,2022.07,6个月,2023.01
TAS-102,曲氟尿苷,Trifluridine,曲氟尿苷和tipiracil的复合制剂,296.2,10,33.76 ,DMSO,3,ug/ml,10,umol,,MCE：HY-A0061,"粉末：-20℃--3年
溶剂中：-80℃--6个月，-20℃--1个月",,,,,1,2022.07,6个月,2023.01
优替德隆,,,埃坡霉素 B 衍生物,,1,,,1045,ng/ml,,,,,,,,,,,,,
MK6482,,,缺氧诱导因子(HIF-2a)抑制剂,,,,,,,2.6,umol,,,,,,,,1,,,
帕唑帕尼,培唑帕尼,pazopanib,"血管生成抑制剂,靶向VEGFR",437.52,20,45.71 ,DMSO,4.3752,ug/ml,10,umol,,MCE：HY-10208,"粉末：-20℃--3年
溶剂中：-80℃--6个月，-20℃--1个月",,,,,1,2022.7.26,6个月,2023.1.23
米托蒽醌,,mitozantrone,作用靶点：拓扑异构酶、PKC,444.48,1,2.25 ,DMSO,444.48,ng/ml,1,umol,,MCE-65271-80-9,"粉末：-20℃--3年
溶剂中：-80℃--6个月，-20℃--1个月；避光",,,,,1,2022.7.29,6个月,2023.1.30
培美曲塞,,Pemetrexed,作用靶点：自噬、抗叶酸制剂,427.41,50.00,116.98 ,DMSO,130,ug/ml,276,umol,,MCE-137281-23-3,"粉末：-20℃--3年
溶剂中：-80℃--6个月，-20℃--1个月",,,,,1,2022.7.29,6个月,2023.1.30
环磷酰胺,,Cyclophosphamide/Phosphoramide mustard,烷化剂 (DNA alkylator)，与DNA结合而抑制其的合成,320.2,5,15.62 ,H2O,200,ng/ml,,,,MCE：HY-137316A,"粉末：-20℃--3年
溶剂中：-80℃--6个月，-20℃--1个月；避光",,,,,1,2022.8.5,6个月,2023.2.5
表柔比星,盐酸表柔比星,Epirubicin hydrochloride,烷化剂 (DNA alkylator)，与DNA结合而抑制其的合成,579.98,50.00,86.21 ,DMSO,11.5996,ug/ml,20,umol,,MCE：HY-13624A,"粉末：-20℃--3年
溶剂中：-80℃--6个月，-20℃--1个月；避光",,,,,,2022.8.5,6个月,2023.2.5
塞利尼索,塞来尼索,selinexor,核输出蛋白XPO1抑制剂,443.31,2,4.51 ,DMSO,600,ng/ml,,,,MCE HY-17536,"粉末：-20℃--3年
溶剂中：-80℃--6个月，-20℃--1个月；",,,,,1,2022.8.10,6个月,2023.2.10
拉罗替尼,,larotrectinib,TRK抑制剂,428.44,2,4.67 ,DMSO,914,ng/ml,,,,MCE HT-12866,"粉末：-20℃--3年
溶剂中：-80℃--6个月，-20℃--1个月；",,,,,1,2022.8.10,6个月,2023.2.10
维奈克拉,,Venetoclax,Bcl-2抑制剂,868.44,2,2.30 ,DMSO,2.1,ug/ml,,,,MCE HT-15531,"粉末：-20℃--3年
溶剂中：-80℃--6个月，-20℃--1个月；",,,,,1,2022.8.10,6个月,2023.2.10
替莫唑胺,,temozolomide,烷化剂,194.15,5,25.75 ,DMSO,7,ug/ml,,,,MCE HT-17364,"粉末：-20℃--3年
溶剂中：-80℃--6个月，-20℃--1个月；避光",,,,,1,2022.8.10,6个月,2023.2.10
拓朴替康,,topotecan,拓扑异构酶Ⅰ抑制剂,457.91,5,10.92 ,DMSO,70,ng/ml,,,,MCE HT-13768A,"粉末：-20℃--3年
溶剂中：-80℃--6个月，-20℃--1个月；避光",,,,,1,2022.8.10,6个月,2023.2.10
艾氟尼布,,lvosidenib,异柠檬酸脱氢酶（IDH1）抑制剂,582.96,5,8.58 ,DMSO,4.5,ug/ml,,,,MCE HY-18767A,"粉末：-20℃--3年
溶剂中：-80℃--6个月，-20℃--1个月",,,,,1,2022.8.10,6个月,2023.2.10
培美替尼,,pemigatinib,FGFR2抑制剂,487.5,5,10.26 ,DMSO,73.12,ng/ml,150,nmol,,MCE:HY-109099,"粉末：-20℃--3年
溶剂中：-80℃--6个月，-20℃--1个月",,,,,1,2022.8.12,6个月,2023.2.12
尼拉帕利,,niraparib,PARP抑制剂,320.39,5,15.61 ,DMSO,804,ng/ml,,,,MCE:HY-10619,"粉末：-20℃--3年
溶剂中：-80℃--6个月，-20℃--1个月",,,,,1,2022.8.15,6个月,2023/2/124
曲贝替定,,Trabectedin,DNA进行烷基化修饰,761.84,5,6.56 ,DMSO,9,ng/ml,,,,MCE:HY-50936,"粉末：-20℃--3年
溶剂中：-80℃--6个月，-20℃--1个月",,,,,1,2022.10.10,6个月,2023.3.30
SN38,,,作用靶点：拓扑异构酶、自噬；SN-38是CPT-11的一种活性代谢物,392.4,5,12.74 ,DMSO,40,ng/ml,,,,MCE:HY-13704,"粉末：-20℃--3年
溶剂中：-80℃--6个月，-20℃--1个月",,,,,1,2022.8.30,,
伊马替尼,,Imatinib,酪氨酸激酶抑制剂（靶标：ABL受体、C-Kit受体、PDGF受体）,493.6,5,10.13 ,DMSO,2596,ng/ml,,,,MCE:HY-15463,"粉末：-20℃--3年
溶剂中：-80℃--6个月，-20℃--1个月",,,,,1,2022.9.1,6个月,2023.3.2
塞拉色替,,ceralasertib,靶点：ABL受体、c-Kit、PDGFR,412.51,2,4.85 ,DMSO,4,ug/ml,,,,MCE:HY-19323,"粉末：-20℃--3年
溶剂中：-80℃--6个月，-20℃--1个月",,,,,1,2022.9.1,6个月,2023.3.2
塞沃替尼,,savolitinib,MET抑制剂,345.36,2,5.79 ,DMSO,2414.8,ng/ml,,,,MCE;HY-15959,"粉末：-20℃--3年
溶剂中：-80℃--6个月，-20℃--1个月",,,,,1,2022.9.1,6个月,2023.3.2
BEZ235,,Dactolisib,PI3K和mTOR抑制剂,469.54,5,10.65 ,"5% TFA
DMSO
DMF",220,ng/ml,,,"p110α--4 nM (IC50)
p110β--75 nM (IC50)
p110δ--7 nM (IC50)
p110γ--5 nM (IC50)
p110α-H1047R--4.6 nM (IC50)
p110α-E545K--5.7 nM (IC50)
mTOR--20.7 nM (IC50)",MCE,"粉末：-20℃--3年
溶剂中：-80℃--6个月，-20℃--1个月",,,,"粉末
10mg",1,2022,6个月,2023.3.2
司美替尼,,Selumetinib,MET抑制剂,457.68,50,109.25 ,DMSO,280,ng/ml,,,MEK--12 nM (IC50),MCE,"粉末：-20℃--3年
溶剂中：-80℃--6个月，-20℃--1个月",,,,,1,2020,6个月,2023.3.2
梅沙替尼,,Merestinib,MET抑制剂,552.53,2,3.62 ,DMSO,400,ng/ml,,,"IC50: 11 nM (MST1R),
7 nM (FLT3),
2 nM (AXL), 
10 nM (MERTK), 
63 nM (TEK),
0.1/7 nM (DDR1/2), 
7 nM (MKNK1/2)",TargetMOL:1206799-15-6,"粉末：-20℃--3年
溶剂中：-80℃--6个月，-20℃--1个月",,,,,1,2020,6个月,2023.3.2
派安普利单抗,,Penpulimab,PD-1单抗,,1.1656,,,116.56,ug/ml,,,,,,,,,,1,2022.09,,
T-DXd（待购),,Trastuzumab deruxtecan,ADC药、HER2,,,,,140,ug/ml,0.9,umol,,,,,,,,,,,
T-DM1,恩美曲妥珠单抗,Trastuzumab emtansine,ADC药、HER2,"148,781",2,,PBS,80.5,ug/ml,550,nmol,,MCE:HY-P9921,,,,,,1,2022.11,2年,2024.11
他泽司他,,Tazemetostat,组蛋白甲基转移酶抑制剂,572.74,5,8.73 ,DMSO,1.2,ug/ml,,,,MCE:HY-13803,"粉末：-20℃--3年
溶剂中：-80℃--6个月，-20℃--1个月",,,,,1,2022.09,,
坦西莫司,西罗莫司,Temsirolimus,作用通路：PI3K/Akt/mTOR,1030.29,5,4.85 ,DMSO,600,ng/ml,,,,MCE:HY-50910,"避光
粉末：4℃
溶剂中：-80℃--6个月，-20℃--1个月",,,,,1,2022.09,,2023.05
吉达利塞,,Gedatolisib,作用通路：PI3K/Akt/mTOR,615.73,,0.00 ,DMSO,5,ug/ml,,,,MCE:HY-10681,,,粉末,,,1,2022.09,,
布帕尼西,,Buparlisib,作用通路：PI3K/Akt/mTOR,410.39,,0.00 ,DMSO,1.88,ug/ml,,,,MCE:HY-70063,"粉末：-20℃--3年
溶剂中：-80℃--6个月，-20℃--1个月",,粉末,,,1,2022.09,,
帕博利珠单抗,,Pembrolizumab,K药、PD-1单抗,,0.025,,,25,ng/ml,,,,,,,,25mg/ml、25ug/ml,,1,,,
莫洛利单抗,,Magrolimab,CD47抑制剂,,2,,PBS,10,ug/ml,,,,MCE:HY-P99029,"粉末：-80℃长期
溶剂中：-80℃--长期",CD47抑制剂,,,,1,2022.8.11,长期,
纳武利尤单抗,,Nivolumab,"PD-1单抗,O药",,5,,PBS,77.4,ug/ml,,,,MCE:HY-P9903A,,,,,,1,2022.8.23,,
斯鲁利单抗,HLX10,serplulimab,PD-1单抗,,10,,PBS,1.5,ug/ml,,,,,,,,,,1,2022.08,,2023
卡度尼利单抗,,cadonilimab,PD-1 + CTLA-4双特异性抗体,150KD（暂定，信息不足）,12.5,,,4.5,ug/ml,30,nmol,,医生提供,避光,,,,,1,2022.09,,
德瓦鲁单抗,,Durvalumab,PD-L1单抗，I药,,10,,PBS,29.354,ug/ml,,,,MCE：HY-P9919,,,,,,1,2022.09,,
伊匹木单抗,,ipilimumab,CTLA4单抗,145313.36,5,,PBS,60,ug/ml,,,,MCE：HY-P9901,,,,3mg/kg的Cmax为60ug/ml，10mg/kg的Cmax为191ug/ml（FDA多用3mg/kg）,,1,2022.09,,
信迪利单抗,,Sintilimab,PD-1抑制剂,,10,,,20,ug/ml,,,,,,,,,,1,,,
吡咯替尼,,Pyrotinib,小分子受体酪氨酸激酶抑制剂，显著抑制表皮生长因子受体（ErbB1/EGFR）和人表皮生长因子受体 2（ErbB2/HER2）,583.08,2,3.43 ,DMSO,170,ng/ml,,,,MCE：HY-104065,"粉末：-20℃--3年
溶剂中：-80℃--6个月，-20℃--1个月",,,,,1,2022.09,6个月,2023.3.30
硼替佐米,,Bortezomib,26S蛋白酶体糜蛋白酶样活性的可逆抑制剂,384.24,4,10.41 ,DMSO,120,ng/ml,,,,MCE：HY-10227,"粉末：-20℃--3年
溶剂中：-80℃--6个月，-20℃--1个月",,,,,1,2022.10.9,6个月,2023.3.30
丝裂霉素,,Mitomycin C, ,334.3,5,14.96 ,DMSO,0.78,ug/ml,,,,MCE：HY-13316,"粉末：-20℃--3年
溶剂中：-80℃--6个月，-20℃--1个月",,,,,1,2022.9.30,6个月,2023.3.30
长春新碱,,Vincristine,微管抑制类,923.04,5,5.42 ,DMSO,150,ng/ml,,,,MCE：HY-N0488,"粉末：-20℃--3年
溶剂中：-80℃--6个月，-20℃--1个月",,,,,1,2022.10.9,6个月,2023.4.9
阿培利司,,alpelisib,磷脂酰肌醇-3-激酶（PI3K）的抑制剂,441.47,5,11.33 ,DMSO,4,ug/ml,,,,MCE：HY-15244,"粉末：-20℃--3年
溶剂中：-80℃--6个月，-20℃--1个月",,,,,1,2022.10.20,6个月,2023.4.20
多纳非尼（待购）,,Donafenib,索拉非尼的氘代化合物，多激酶抑制剂,,,,,,,,,,,,,,,,,,,
吡柔比星,,Pirarubicin,"蒽环类抗癌药，嵌入DNA双链间,抑制DNA聚合酶,防止核酸形成",627.64,5,7.97 ,DMSO,100,ng/ml,,,,MCE：HY-13725,,,,,,2,2022.10.31,6个月,2023.4.30
恩沃利单抗,,Envafolimab,PD-L1,,200,,,250,ug/ml,,,,,,,,,,1,2022.10.31,,2024
维A酸,, All-trans Retinoic Acid (ATRA),,300.44,0.5,1.66 ,DMSO,0.52,ug/ml,,,,HY-14649,,,,, ,1,2022.10.31,6个月,2023.4.30
阿西替尼,,axitinib,酪氨酸激酶抑制剂（VEGFR-1、VEGFR-2 和 VEGFR-3,386.47,0.5,1.29 ,DMSO,33.5,ng/ml,,,,MCE：HY-10065,"粉末：-20℃--3年
溶剂中：-80℃--6个月，-20℃--1个月",,,,,1,2022.11.1,6个月,
博来霉素,, Bleomycin,抗生素，与铁的复合物嵌入DNA，引起DNA单链和双链断裂,1451,5,3.45 ,DMSO,1,ug/ml,,,,"MCE
HY-17565A","粉末:4℃--避光、水
溶剂中：-80℃--6个月，-20℃--1个月",,,,,,2022.11.25,6个月,
帕米帕利,,Pamiparib,选择性多聚 ADP 核糖聚合酶（PARP 酶，包括 PARP1 和 PARP2）抑制剂，参与 DNA 修复,298.31,1,3.35 ,DMSO,5251.5,ng/ml,,,,MCE:HY-104044,"粉末:4℃--避光
溶剂中：-80℃--6个月，-20℃--1个月",,,,,,2022.11.23,6个月,
帕妥珠单抗,,Pertuzumab,HER2受体拮抗剂；靶点：HER2,,14.61,#DIV/0!,,238,ug/ml,,,,MCE：HY-P9912A,,,,,,,2022.12.1,,
放线菌素,,Actinomycin D,,1255.42,5,3.98 ,DMSO,100,ng/ml,,,,MCE：HY-17559,"粉末：-20℃--3年
溶剂中：-80℃--6个月，-20℃--1个月",,,,,,2022.12.2,6个月,
 乌托鲁单抗 （待购）,,Utomilumab,4-1BB激动剂,,,#DIV/0!,,,,,,,,,,,,,,,,
洛铂,,Lobaplatin,铂类,397.33,10,25.17 ,,2896.7,ng/ml,,,,,,,粉末,,,1,,,
曲拉西利,,,,,1,,,1620,ng/ml,,,,,,,,,,,,,
苯达莫司汀,,,,,5,,,16256,ng/ml,,,,,,,,,,,,,
克唑替尼,,,,,1,,,280,ng/ml,,,,,,,粉末,,,,,,
芦可替尼,,,,,1,,,286.15,ng/ml,,,,,,,粉末,,,,,,
AZD-1775,,,,,1,,,636.26,ng/ml,,,,,,,粉末,,,,,,
洛拉替尼,,,,,1,,,577,ng/ml,,,,,,,粉末,,,,,,
三氧化二砷,,,砷类,197.841,0.5,2.53 ,,160,ng/ml,,,,,,,粉末,,,,,,
